[
    {
         
        "name": "Tommy",
        "password": "123456",
        "email":"email.mail.com",
        "tel":"1234567890",
        "log": {
            "registration": "2012.12.14",
            "lastLog": "2013.01.15"
        }
    },
    {
        
        "name": "Anne",
        "password": "123456",
        "email":"email.mail.com",
        "tel":"1234567890",
        "log": {
            "registration": "2012.12.24",
            "lastLog": "2012.12.29"
        }

    },
    {
         
        "name": "Miles",
        "password": "abc",
        "email":"email.mail.com",
        "tel":"1234567890",
        "log": {
            "registration": "2013.02.01",
            "lastLog": "2013.02.01"
        }
    }
]