[
    {
        "firstName": "Vijay",
        "lastName": "reddy",
        "email": "asdv@ymail.com",
        "mobile": ""
    },
    {
        "firstName": "ggdggg",
        "lastName": "nvnvnv",
        "email": "asddd@xmail.com",
        "mobile": ""
    },
    {
        "firstName": "ggdggg",
        "lastName": "nvnvnv",
        "email": "asddd@xmail.com",
        "mobile": ""
    },
    {
        "firstName": "ggdggg",
        "lastName": "nvnvnv",
        "email": "asddd@xmail.com",
        "mobile": ""
    },
    {
        "firstName": null,
        "lastName": null,
        "email": null,
        "mobile": null
    },
    {
        "firstName": "Paki",
        "lastName": "Webb",
        "email": "vahodid@yahoo.com",
        "mobile": "66464646464"
    },
    {
        "firstName": "sadas",
        "lastName": "asdas",
        "email": "asdasda@sdfsdf.com",
        "mobile": "23432432"
    },
    {
        "firstName": "sadas",
        "lastName": "asdas",
        "email": "asdasda@sdfsdf.com",
        "mobile": "23432432"
    },
    {
        "firstName": "aaaaaa",
        "lastName": "aaaaaaaaaa",
        "email": "aaaaaaaaa@fff.com",
        "mobile": "2222222222222"
    },
    {
        "firstName": "aaaaaa",
        "lastName": "aaaaaaaaaa",
        "email": "aaaaaaaaa@fff.com",
        "mobile": "2222222222222"
    },
    {
        "firstName": "zzzzzzzzzzz",
        "lastName": "zzzzzzzzzzz",
        "email": "zzzzzzzzzzzzzzzz@fsdf.com",
        "mobile": "23423423432324"
    }
]